opcode,count,stages,first_use,status,next_evidence
136,17,1;2;4;6;7;8,ecldata1.decl:1162,metadata-only,map-th07-dispatch
137,99,1;2;3;4;5;6;7;8,ecldata1.decl:16,metadata-only,map-th07-dispatch
138,24,1;2;4;5;6;7;8,ecldata1.decl:1164,metadata-only,map-th07-dispatch
139,52,1;2;3;4;5;6;7;8,ecldata1.decl:553,metadata-only,map-th07-dispatch
140,27,1;2;3;4;5;6;7;8,ecldata1.decl:18,metadata-only,map-th07-dispatch
141,18,2;3;4;7;8,ecldata2.decl:1434,metadata-only,map-th07-dispatch
142,292,1;2;3;4;5;6;7;8,ecldata1.decl:752,metadata-only,map-th07-dispatch
143,2,4,ecldata4.decl:196,metadata-only,map-th07-dispatch
144,78,4;5;6;7;8,ecldata4.decl:5164,metadata-only,map-th07-dispatch
145,84,4;7;8,ecldata4.decl:959,metadata-only,map-th07-dispatch
146,1,4,ecldata4.decl:714,metadata-only,map-th07-dispatch
148,32,1;3;4;5;6;7;8,ecldata1.decl:550,metadata-only,map-th07-dispatch
149,1,4,ecldata4.decl:5252,metadata-only,map-th07-dispatch
150,1,6,ecldata6.decl:632,metadata-only,map-th07-dispatch
151,8,6,ecldata6.decl:790,metadata-only,map-th07-dispatch
152,10,6,ecldata6.decl:1509,metadata-only,map-th07-dispatch
153,3,6,ecldata6.decl:974,metadata-only,map-th07-dispatch
154,80,1;2;3;4;5;6;7;8,ecldata1.decl:6,metadata-only,map-th07-dispatch
155,47,7;8,ecldata7.decl:949,metadata-only,map-th07-dispatch
156,12,7;8,ecldata7.decl:2375,metadata-only,map-th07-dispatch
157,4,7;8,ecldata7.decl:3118,metadata-only,map-th07-dispatch
158,4,7;8,ecldata7.decl:3117,metadata-only,map-th07-dispatch
159,16,7;8,ecldata7.decl:1727,metadata-only,map-th07-dispatch
160,2,1;2,ecldata1.decl:718,metadata-only,map-th07-dispatch
161,7,8,ecldata8.decl:3484,metadata-only,map-th07-dispatch
